<?xml version="1.0" encoding="UTF-8" standalone="yes"?>
<addon id="repository.REBWizard" name="Royton Builds Repo" version="1.0" provider-name="Sean Sco">
    <extension point="xbmc.addon.repository" name="Example Repository">
        <dir>
            <info compressed="false">https://raw.githubusercontent.com/sting20013/roytonrepo/master/repo/zips/addons.xml</info>
            <checksum>https://raw.githubusercontent.com/sting20013/roytonrepo/master/repo/zips/addons.xml.md5</checksum>
            <datadir zip="true">https://raw.githubusercontent.com/sting20013/roytonrepo/master/repo/zips/addons/repo/zips/</datadir>
        </dir>
    </extension>
    <extension point="xbmc.addon.metadata">
        <summary>Royon Builds Repo</summary>
        <description>Royton Wizard updates</description>
        <disclaimer></disclaimer>
        <platform>all</platform>
        <assets>
            <icon>icon.png</icon>
            <fanart>fanart.jpg</fanart>
        </assets>
    </extension>
</addon>